IMINE2-E-001	cvs
IMINE2-E-002	Bumblebee
IMINE2-E-003	Tony Allen
IMINE2-E-004	wallpaper
IMINE2-E-005	Opera
IMINE2-E-006	ginger
IMINE2-E-007	spirit
IMINE2-E-008	Pluto
IMINE2-E-009	full house
IMINE2-E-010	JFK
IMINE2-E-011	persona
IMINE2-E-012	Virginia
IMINE2-E-013	steam
IMINE2-E-014	Borders
IMINE2-E-015	Manchester
IMINE2-E-016	PS
IMINE2-E-017	elegy
IMINE2-E-018	Elizabeth
IMINE2-E-019	Yosemite
IMINE2-E-020	Williams tennis
IMINE2-E-021	Nirvana
IMINE2-E-022	Tomahawk
IMINE2-E-023	Magnus
IMINE2-E-024	KitKat
IMINE2-E-025	mahomet high school homepage
IMINE2-E-026	warner brothers
IMINE2-E-027	Socrates
IMINE2-E-028	Robert Kennedy
IMINE2-E-029	fossil
IMINE2-E-030	Star Wars
IMINE2-E-031	maple trees
IMINE2-E-032	iraq war
IMINE2-E-033	Santa Claus
IMINE2-E-034	digital art
IMINE2-E-035	moody blues
IMINE2-E-036	Uyghur cuisine
IMINE2-E-037	bass guitars
IMINE2-E-038	poker
IMINE2-E-039	swallow
IMINE2-E-040	Pokemon
IMINE2-E-041	gaba
IMINE2-E-042	Cat
IMINE2-E-043	boy names
IMINE2-E-044	powerpoint
IMINE2-E-045	Denmark
IMINE2-E-046	Gardening
IMINE2-E-047	t-test
IMINE2-E-048	sodium
IMINE2-E-049	spanish recipes
IMINE2-E-050	united airlines phone number
IMINE2-E-051	recover eyesight
IMINE2-E-052	obesity prevention
IMINE2-E-053	hair growth
IMINE2-E-054	quit smoking
IMINE2-E-055	grow taller
IMINE2-E-056	sleep better
IMINE2-E-057	relieve stress
IMINE2-E-058	speak French
IMINE2-E-059	ride unicycle
IMINE2-E-060	run faster
IMINE2-E-061	learn Korean
IMINE2-E-062	play piano
IMINE2-E-063	become firefigher
IMINE2-E-064	make resume
IMINE2-E-065	wedding
IMINE2-E-066	learn golf
IMINE2-E-067	mastering touch typing
IMINE2-E-068	debt releaf
IMINE2-E-069	grow vegetables
IMINE2-E-070	whale watching
IMINE2-E-071	how to spend Christmas
IMINE2-E-072	home cleaning
IMINE2-E-073	travel to Italy
IMINE2-E-074	travel Hawaii
IMINE2-E-075	safeco field address
IMINE2-E-076	wallpaper scenery
IMINE2-E-077	happy birthday graphics
IMINE2-E-078	new year card design
IMINE2-E-079	drawings of flowers
IMINE2-E-080	michael jackson photo
IMINE2-E-081	world news
IMINE2-E-082	TPP progress
IMINE2-E-083	mlb scores
IMINE2-E-084	apple latest news
IMINE2-E-085	obama update
IMINE2-E-086	what is GPU
IMINE2-E-087	bluetooth
IMINE2-E-088	Construction point
IMINE2-E-089	analogy definition
IMINE2-E-090	parkinson's disease
IMINE2-E-091	single-lens reflex recommendation
IMINE2-E-092	Why white chocolate white
IMINE2-E-093	Do bananas have seeds
IMINE2-E-094	difference between college and university
IMINE2-E-095	how to fix a broken zipper 
IMINE2-E-096	cheap laptops
IMINE2-E-097	iPhone case
IMINE2-E-098	discount plasma tv
IMINE2-E-099	mothers day gifts
IMINE2-E-100	ps3 online shopping
